{"cameraMode":{"drawMode":0,"name":"Shaded","section":"Shading Mode"},"sceneLighting":true,"audioPlay":false,"sceneViewState":{"m_AlwaysRefresh":false,"showFog":true,"showSkybox":true,"showFlares":true,"showImageEffects":true,"showParticleSystems":true,"showVisualEffectGraphs":true,"m_FxEnabled":true},"in2DMode":false,"pivot":{"x":1.1959761381149293,"y":-10.588417053222657,"z":-2.5823357105255129},"rotation":{"x":0.4031074643135071,"y":-0.001076557906344533,"z":0.0005015669157728553,"w":0.915180504322052},"size":16.822086334228517,"orthographic":true}