{"cameraMode":{"drawMode":0,"name":"Shaded","section":"Shading Mode"},"sceneLighting":true,"audioPlay":false,"sceneViewState":{"m_AlwaysRefresh":false,"showFog":true,"showSkybox":true,"showFlares":true,"showImageEffects":true,"showParticleSystems":true,"showVisualEffectGraphs":true,"m_FxEnabled":true},"in2DMode":false,"pivot":{"x":0.679496169090271,"y":-6.86768913269043,"z":4.437761306762695},"rotation":{"x":-0.20108641684055329,"y":-0.017631275579333307,"z":-0.0036197882145643236,"w":0.9794105291366577},"size":11.186555862426758,"orthographic":false}