{"cameraMode":{"drawMode":0,"name":"Shaded","section":"Shading Mode"},"sceneLighting":true,"audioPlay":false,"sceneViewState":{"m_AlwaysRefresh":false,"showFog":true,"showSkybox":true,"showFlares":true,"showImageEffects":true,"showParticleSystems":true,"showVisualEffectGraphs":true,"m_FxEnabled":true},"in2DMode":false,"pivot":{"x":2.078131914138794,"y":-10.898027420043946,"z":4.965295314788818},"rotation":{"x":0.0010202247649431229,"y":-0.977079451084137,"z":0.21285857260227204,"w":0.004686418455094099},"size":8.738882064819336,"orthographic":false}