{"cameraMode":{"drawMode":0,"name":"Shaded","section":"Shading Mode"},"sceneLighting":true,"audioPlay":false,"sceneViewState":{"m_AlwaysRefresh":false,"showFog":true,"showSkybox":true,"showFlares":true,"showImageEffects":true,"showParticleSystems":true,"showVisualEffectGraphs":true,"m_FxEnabled":true},"in2DMode":false,"pivot":{"x":1.8615214824676514,"y":-7.922000885009766,"z":1.5814228057861329},"rotation":{"x":0.7801501750946045,"y":0.000939925666898489,"z":-0.001168778631836176,"w":0.625603437423706},"size":4.50073766708374,"orthographic":true}