{"cameraMode":{"drawMode":0,"name":"Shaded","section":"Shading Mode"},"sceneLighting":true,"audioPlay":false,"sceneViewState":{"m_AlwaysRefresh":false,"showFog":true,"showSkybox":true,"showFlares":true,"showImageEffects":true,"showParticleSystems":true,"showVisualEffectGraphs":true,"m_FxEnabled":true},"in2DMode":false,"pivot":{"x":0.569919228553772,"y":6.5745849609375,"z":14.019024848937989},"rotation":{"x":0.7912782430648804,"y":0.0009171821875497699,"z":-0.0011869171867147089,"w":0.6114543676376343},"size":25.405832290649415,"orthographic":true}